{
  "F1": {
    "mean": 0.9845992279489169,
    "lo": 0.9839718476092606,
    "hi": 0.985195023827125
  },
  "Accuracy": {
    "mean": 0.9794179916666667,
    "lo": 0.978583125,
    "hi": 0.9802166666666666
  },
  "Precision": {
    "mean": 0.9824055681045801,
    "lo": 0.981513748940844,
    "hi": 0.983291263375496
  },
  "Recall": {
    "mean": 0.9868028963036549,
    "lo": 0.985988729528482,
    "hi": 0.9875634832163074
  },
  "AUC_ROC": {
    "mean": 0.9978002818961175,
    "lo": 0.9976432142970683,
    "hi": 0.9979445278396744
  },
  "MCC": {
    "mean": 0.9536040338046812,
    "lo": 0.9517380131868016,
    "hi": 0.9553992485537641
  },
  "Brier": {
    "mean": 0.01593426210000706,
    "lo": 0.015380874058477493,
    "hi": 0.016527629303167958
  }
}