Metric,Mean,CI_2.5,CI_97.5
F1,0.9845992279489169,0.9839718476092606,0.985195023827125
Accuracy,0.9794179916666667,0.978583125,0.9802166666666666
Precision,0.9824055681045801,0.981513748940844,0.983291263375496
Recall,0.9868028963036549,0.985988729528482,0.9875634832163074
AUC_ROC,0.9978002818961175,0.9976432142970683,0.9979445278396744
MCC,0.9536040338046812,0.9517380131868016,0.9553992485537641
Brier,0.01593426210000706,0.015380874058477493,0.016527629303167958
