Metric,Mean,Std,CI_2p5,CI_97p5
F1,0.9845918766604145,0.00030190005853397884,0.9840091178021428,0.9852012456834911
Accuracy,0.9794132249999999,0.0003976940426926965,0.9786414583333333,0.9802166666666666
Precision,0.9825064592380237,0.00046424626114902463,0.9816129046395479,0.9833785105651656
Recall,0.9866863639486735,0.000401180822596787,0.9859045059557503,0.9874505767904969
AUC_ROC,0.9978006175390444,6.991096433653672e-05,0.9976582487022725,0.9979278452430971
AUC_PR,0.9988723777435939,4.607768384939104e-05,0.9987745492939044,0.9989541009887469
MCC,0.9536026940037996,0.0008926468344904707,0.9519090282731164,0.9553955430476658
Brier,0.01592975333410666,0.0002803061094560436,0.015386495012964699,0.016499933598053452
