{
  "temperature": 1.1592621803283691,
  "val": {
    "F1": 0.9843603846297752,
    "Accuracy": 0.9791,
    "Precision": 0.982143301560439,
    "Recall": 0.9865875,
    "AUC": 0.9976982224999998,
    "MCC": 0.9528904144967546,
    "Brier": 0.01609585570076009
  },
  "test": {
    "F1": 0.984594658650068,
    "Accuracy": 0.9794166666666667,
    "Precision": 0.9825478626733388,
    "Recall": 0.98665,
    "AUC": 0.9978013164062499,
    "MCC": 0.9536093986804551,
    "Brier": 0.01571924219831902
  }
}