Model,Split,Temperature,F1,Accuracy,Precision,Recall,AUC_ROC,AUC_PR,MCC,Brier,Threshold,PosRate,PredPosRate,ECE
Main_Hier_TempScaled,val,1.2828316688537598,0.984432571275382,0.9791916666666667,0.9819898257441013,0.9868875,0.9976992392187499,0.9988337505797158,0.9530910095840649,0.015995269378800053,0.5395959595959596,0.6666666666666666,0.6699916666666667,0.313200017021315
Main_Hier_TempScaled,test,1.2828316688537598,0.9846032963538062,0.979425,0.9824039622195399,0.9868125,0.9978019790624999,0.9988735303622573,0.9536238465534232,0.015635657094649303,0.5395959595959596,0.6666666666666666,0.6696583333333334,0.313609491239351
