{
  "CKA(z_lex,z_syn)": 0.0008444060222245753,
  "CKA(z_lex,z_sem)": 0.0004650297632906586,
  "CKA(z_syn,z_sem)": 0.0006945761269889772,
  "orthogonality_penalty": 3.980763267463772e-06,
  "simplex_penalty": 0.0007237753015942872
}