Split,F1,Accuracy,Precision,Recall,AUC_ROC,AUC_PR,MCC,Brier,Threshold,PosRate,PredPosRate,ECE
val,0.9843832798229482,0.979125,0.981904110440893,0.986875,0.9976982368749999,0.9988356361090509,0.9529396743257731,0.01632859063081471,0.55,0.6666666666666666,0.6700416666666666,0.3190810552108412
test,0.9846094363860861,0.9794333333333334,0.9824161875606661,0.9868125,0.9978012965624999,0.9988752507600113,0.9536428086622268,0.015928331564484803,0.55,0.6666666666666666,0.66965,0.31954350139806054
