Model,ms_per_sample,samples_per_sec,total_batches,total_samples,Params_M
Main_Hier,0.5217993179726932,1916.4455865623268,20,2560,361.542923
DeBERTa_single,0.2041170511688506,4899.149748997577,20,2560,184.423682
RoBERTa_single,0.09236764336009173,10826.301977864025,20,2560,124.64717
Fusion_NoDis,0.28973708710822166,3451.404892555171,20,2560,309.134594
