Model,Split,F1,Accuracy,Precision,Recall,AUC_ROC,AUC_PR,MCC,Brier,Threshold,PosRate,PredPosRate,ECE,F1_aux_lex,F1_aux_syn,F1_aux_sem
Main_Hier,val,0.9844434883996434,0.9792083333333333,0.9820982048443079,0.9868,0.9976992098437498,0.9988336959906345,0.9531311937410741,0.016322911332254584,0.5544444444444444,0.6666666666666666,0.6698583333333333,0.3190471318293634,0.9843777273520684,0.984332981849719,0.9844664312717564
Main_Hier,test,0.9845952351253586,0.9794166666666667,0.9825118247448344,0.9866875,0.9978019731250002,0.9988734821827461,0.9536083367983766,0.015926154131562547,0.5544444444444444,0.6666666666666666,0.6695,0.3196304980424112,0.9845543714807725,0.9845746805111821,0.9846499438412579
