{
  "val": {
    "F1": 0.9843832798229482,
    "Accuracy": 0.979125,
    "AUC": 0.997698225625,
    "MCC": 0.9529396743257731
  },
  "test": {
    "F1": 0.9846094363860861,
    "Accuracy": 0.9794333333333334,
    "AUC": 0.9978013101562501,
    "MCC": 0.9536428086622268
  },
  "threshold": 0.55
}