Model,Split,mean_neg_prob,mean_pos_prob,median_neg_prob,median_pos_prob,KS_statistic,KS_p_value,noise_mean_acc,noise_std_acc,noise_mean_f1,noise_std_f1
Main_Hier,test,0.04507184028625488,0.9831141829490662,0.00018522574100643396,0.9999657869338989,0.9559375,0.0,0.9792304166666668,0.00013952486337567092,0.9844527953126972,0.0001042871009220201
