Split,F1,Accuracy,Precision,Recall,AUC,MCC,Threshold
val,0.9843832798229482,0.979125,0.981904110440893,0.986875,0.9976982368749999,0.9529396743257731,0.55
test,0.9846094363860861,0.9794333333333334,0.9824161875606661,0.9868125,0.9978012965624999,0.9536428086622268,0.55
